{"coverage": 95.39106145251397, "raw_data": {"meta": {"format": 2, "version": "7.5.1", "timestamp": "2024-05-07T06:53:28.252183", "branch_coverage": false, "show_contexts": false}, "files": {"src/cached_decorator.py": {"executed_lines": [1, 7, 8, 9, 10, 12, 15, 16, 72, 91, 92, 93, 94, 95, 96, 97, 98, 99, 101, 103, 105, 107, 109, 112, 113, 116, 119, 121, 126, 128, 131, 133, 135, 137, 140, 142, 144, 146, 148, 150, 151, 152, 153, 154, 155, 156, 157, 163, 165, 167, 168, 170, 171, 173, 174, 177, 179, 181, 186], "summary": {"covered_lines": 57, "num_statements": 59, "percent_covered": 96.61016949152543, "percent_covered_display": "97", "missing_lines": 2, "excluded_lines": 0}, "missing_lines": [108, 117], "excluded_lines": []}, "src/calendar_data.py": {"executed_lines": [1, 3, 4, 5, 6, 7, 10, 18, 20, 21, 22, 23, 24, 25, 26, 27, 28, 29, 30, 31, 32, 34, 35, 36, 37, 38, 40, 41, 42, 43, 46, 57, 58, 60, 62, 63, 71, 73, 81, 84, 88, 89, 91, 94, 96, 97, 100, 105, 107, 108, 109, 110, 112, 116, 127, 128, 129, 130, 131, 134, 135, 137, 138, 140, 141, 142, 143, 144, 145, 146, 150, 151, 152, 153, 154, 155, 156, 157, 158, 159, 162, 165, 169, 170, 171, 172, 173, 174, 175, 176, 177, 179, 180, 181, 182, 183, 184, 185, 186, 187, 188, 189, 193, 196, 342], "summary": {"covered_lines": 102, "num_statements": 103, "percent_covered": 99.02912621359224, "percent_covered_display": "99", "missing_lines": 1, "excluded_lines": 19}, "missing_lines": [90], "excluded_lines": [196, 197, 198, 200, 201, 203, 206, 209, 211, 214, 218, 325, 335, 336, 337, 338, 339, 342, 343]}, "src/calendar_image.py": {"executed_lines": [1, 8, 9, 10, 11, 12, 14, 15, 17, 20, 21, 23, 25, 26, 28, 29, 30, 31, 32, 33, 35, 36, 39, 40, 42, 44, 45, 46, 48, 49, 50, 52, 53, 54, 55, 56, 57, 59, 61, 63, 64, 65, 66, 68, 69, 70, 71, 74, 76, 79, 85, 86, 96, 102, 103, 104, 108, 118, 129, 130, 131, 132, 145, 168, 169, 173, 174, 175, 176, 180, 182, 183, 184, 196, 203, 204, 205, 206, 218, 235, 236, 239, 240, 250, 251, 252, 253, 254, 255, 256, 257, 258, 268, 270, 271, 272, 273, 274, 277, 297, 298, 299, 300, 301, 302, 303, 304, 311, 313, 320, 327, 335, 337, 338, 341, 349, 350, 351, 352, 353, 355, 356, 357, 369, 371, 372, 373, 374, 375, 376, 379, 404, 405, 406, 407, 408, 413, 414, 415, 416, 417, 418, 423, 426, 427, 429, 430, 431, 434, 439, 474, 475, 476, 477, 478, 479, 480, 482, 485, 492, 493, 497, 504, 506, 507, 508, 509, 512, 514, 517, 518, 519, 520, 521, 524, 525, 527, 530, 571], "summary": {"covered_lines": 166, "num_statements": 177, "percent_covered": 93.78531073446328, "percent_covered_display": "94", "missing_lines": 11, "excluded_lines": 33}, "missing_lines": [105, 170, 177, 312, 409, 410, 412, 419, 428, 481, 494], "excluded_lines": [512, 513, 514, 515, 517, 518, 519, 520, 521, 524, 525, 527, 530, 531, 540, 542, 544, 545, 547, 548, 549, 550, 551, 552, 553, 563, 564, 565, 566, 567, 568, 571, 572]}, "src/google_calendar.py": {"executed_lines": [1, 3, 4, 5, 6, 7, 8, 9, 11, 12, 13, 14, 15, 17, 19, 20, 23, 24, 26, 28, 29, 30, 31, 32, 34, 36, 37, 39, 40, 44, 45, 46, 50, 51, 55, 56, 58, 60, 61, 63, 71, 73, 75, 77, 78, 79, 81, 93, 102, 104, 105, 108, 109, 110, 112, 114, 115, 116, 117, 118, 119, 120, 136, 137, 138, 139, 140, 141, 142, 144, 146, 148, 152, 159, 163, 174, 175, 176, 177, 178, 181, 182, 183, 184, 187, 188, 189, 192, 211], "summary": {"covered_lines": 85, "num_statements": 90, "percent_covered": 94.44444444444444, "percent_covered_display": "94", "missing_lines": 5, "excluded_lines": 15}, "missing_lines": [106, 111, 150, 154, 179], "excluded_lines": [192, 193, 194, 198, 200, 201, 202, 203, 204, 205, 206, 207, 208, 211, 212]}, "src/image_loader.py": {"executed_lines": [1, 3, 5, 6, 7, 9, 12, 13, 19, 21, 22, 24, 26, 27, 28, 29, 30, 31, 32, 33, 34], "summary": {"covered_lines": 19, "num_statements": 19, "percent_covered": 100.0, "percent_covered_display": "100", "missing_lines": 0, "excluded_lines": 0}, "missing_lines": [], "excluded_lines": []}, "src/iot_calendar.py": {"executed_lines": [2, 4, 5, 6, 7, 8, 9, 10, 11, 13, 14, 15, 16, 17, 18, 19, 20, 22, 28, 29, 30, 32, 33, 35, 38, 43, 46, 48, 49, 50, 51, 53, 54, 55, 56, 57, 58, 59, 61, 62, 63, 64, 65, 66, 67, 68, 69, 70, 71, 72, 73, 74, 77, 78, 79, 80, 81, 82, 83, 84, 87, 88, 90, 92, 99, 103, 105, 107, 108, 109, 110, 111, 113, 117, 118, 121, 123, 124, 127, 128, 129, 130, 131, 132, 133, 134, 135, 136, 137, 138, 139, 142, 143, 144, 146, 150, 151, 153, 155, 156, 157, 168, 169, 175, 179, 189, 190, 192, 198, 203, 204, 225, 228, 244], "summary": {"covered_lines": 108, "num_statements": 110, "percent_covered": 98.18181818181819, "percent_covered_display": "98", "missing_lines": 2, "excluded_lines": 13}, "missing_lines": [158, 199], "excluded_lines": [228, 229, 230, 232, 233, 234, 236, 237, 238, 240, 241, 244, 245]}, "src/models.py": {"executed_lines": [1, 2, 4, 7, 8, 10, 11, 12, 13, 14, 17, 18, 20, 21], "summary": {"covered_lines": 12, "num_statements": 12, "percent_covered": 100.0, "percent_covered_display": "100", "missing_lines": 0, "excluded_lines": 0}, "missing_lines": [], "excluded_lines": []}, "src/openweathermap_org.py": {"executed_lines": [1, 8, 9, 10, 11, 13, 15, 16, 18, 19, 22, 23, 25, 36, 37, 39, 44, 45, 46, 48, 50, 56, 67, 82, 84, 91, 102, 103, 104, 106, 107, 108, 109, 110, 112, 118, 124, 125, 127, 128, 131, 137, 138, 140, 141, 142, 143, 144, 145, 146, 147, 148, 149, 150, 151, 152, 153, 154, 156, 157, 158, 159, 160, 161, 163, 166], "summary": {"covered_lines": 63, "num_statements": 63, "percent_covered": 100.0, "percent_covered_display": "100", "missing_lines": 0, "excluded_lines": 12}, "missing_lines": [], "excluded_lines": [166, 167, 169, 171, 172, 173, 174, 175, 176, 178, 179, 180]}, "src/singleton.py": {"executed_lines": [1, 3, 6, 7, 16, 18, 21, 22, 23, 25, 28, 29], "summary": {"covered_lines": 10, "num_statements": 10, "percent_covered": 100.0, "percent_covered_display": "100", "missing_lines": 0, "excluded_lines": 0}, "missing_lines": [], "excluded_lines": []}, "src/weather_gov.py": {"executed_lines": [1, 9, 10, 11, 12, 13, 14, 16, 19, 20, 23, 24, 26, 33, 34, 39, 40, 41, 42, 47, 48, 49, 50, 51, 52, 53, 54, 55, 57, 58, 59, 62, 70, 71, 73, 74, 75, 76, 78, 79, 82, 84, 88, 90, 91, 96, 98, 99, 100, 101, 102, 103, 104, 106, 107, 108, 109, 110, 111, 112, 113, 114, 115, 116, 122], "summary": {"covered_lines": 61, "num_statements": 73, "percent_covered": 83.56164383561644, "percent_covered_display": "84", "missing_lines": 12, "excluded_lines": 4}, "missing_lines": [43, 46, 56, 65, 66, 67, 68, 77, 81, 83, 85, 117], "excluded_lines": [122, 123, 125, 126]}}, "totals": {"covered_lines": 683, "num_statements": 716, "percent_covered": 95.39106145251397, "percent_covered_display": "95", "missing_lines": 33, "excluded_lines": 96}}, "coverage_path": "."}